ID,Name,Description,Media_Type,Download_URL,Path_In_Zip
ALE1975,ALE1975.pdf,,application/pdf,sources/ALE1975.pdf,
Alpher1999,Alpher1999.pdf,,application/pdf,sources/Alpher1999.pdf,
Ardila2007,Ardila2007.pdf,,application/pdf,sources/Ardila2007.pdf,
Backstrom1992,Backstrom1992.pdf,,application/pdf,sources/Backstrom1992.pdf,
Bakstrom1992,Bakstrom1992.pdf,,application/pdf,sources/Bakstrom1992.pdf,
Bastin1999,Bastin1999.pdf,,application/pdf,sources/Bastin1999.pdf,
Beaufils2015,Beaufils2015.pdf,,application/pdf,sources/Beaufils2015.pdf,
Bender1971,Bender1971.pdf,,application/pdf,sources/Bender1971.pdf,
Benedict1976,Benedict1976.pdf,,application/pdf,sources/Benedict1976.pdf,
BirketSmith1928,BirketSmith1928.pdf,,application/pdf,sources/BirketSmith1928.pdf,
Borin2012,Borin2012.pdf,,application/pdf,sources/Borin2012.pdf,
Bowern2008,Bowern2008.pdf,,application/pdf,sources/Bowern2008.pdf,
Bowern2012,Bowern2012.pdf,,application/pdf,sources/Bowern2012.pdf,
Brinton1891,Brinton1891.pdf,,application/pdf,sources/Brinton1891.pdf,
Bromley1967,Bromley1967.pdf,,application/pdf,sources/Bromley1967.pdf,
Brown1837,Brown1837.pdf,,application/pdf,sources/Brown1837.pdf,
Buck1949,Buck1949.pdf,,application/pdf,sources/Buck1949.pdf,
Calero2002,Calero2002.pdf,,application/pdf,sources/Calero2002.pdf,
Campbell1999,Campbell1999.pdf,,application/pdf,sources/Campbell1999.pdf,
Capell1956,Capell1956.pdf,,application/pdf,sources/Capell1956.pdf,
Castro2015,Castro2015.pdf,,application/pdf,sources/Castro2015.pdf,
Chen1996,Chen1996.pdf,,application/pdf,sources/Chen1996.pdf,
Chen2009,Chen2009.pdf,,application/pdf,sources/Chen2009.pdf,
Clouse1993,Clouse1993.pdf,,application/pdf,sources/Clouse1993.pdf,
ConradandDye1975,ConradandDye1975.pdf,,application/pdf,sources/ConradandDye1975.pdf,
Cross1964,Cross1964.pdf,,application/pdf,sources/Cross1964.pdf,
DaCosta2016,DaCosta2016.pdf,,application/pdf,sources/DaCosta2016.pdf,
Daniel2021,Daniel2021.pdf,,application/pdf,sources/Daniel2021.pdf,
Daniels2016,Daniels2016.pdf,,application/pdf,sources/Daniels2016.pdf,
Davies1985,Davies1985.pdf,,application/pdf,sources/Davies1985.pdf,
Davletshin2012,Davletshin2012.pdf,,application/pdf,sources/Davletshin2012.pdf,
Dixon1919,Dixon1919.pdf,,application/pdf,sources/Dixon1919.pdf,
Dolch1936,Dolch1936.pdf,,application/pdf,sources/Dolch1936.pdf,
Dolgopolsky1964,Dolgopolsky1964.pdf,,application/pdf,sources/Dolgopolsky1964.pdf,
Dolgopolsky1986,Dolgopolsky1986.pdf,,application/pdf,sources/Dolgopolsky1986.pdf,
Duerr1987,Duerr1987.pdf,,application/pdf,sources/Duerr1987.pdf,
Duong2020,Duong2020.pdf,,application/pdf,sources/Duong2020.pdf,
Dye1968,Dye1968.pdf,,application/pdf,sources/Dye1968.pdf,
Dyen1964,Dyen1964.pdf,,application/pdf,sources/Dyen1964.pdf,
Ferguson1964,Ferguson1964.pdf,,application/pdf,sources/Ferguson1964.pdf,
Foley1986,Foley1986.pdf,,application/pdf,sources/Foley1986.pdf,
Forni2013,Forni2013.pdf,,application/pdf,sources/Forni2013.pdf,
Forster2006,Forster2006.pdf,,application/pdf,sources/Forster2006.pdf,
Gabelentz1861,Gabelentz1861.pdf,,application/pdf,sources/Gabelentz1861.pdf,
Gabelentz1891,Gabelentz1891.pdf,,application/pdf,sources/Gabelentz1891.pdf,
Gallatin1836,Gallatin1836.pdf,,application/pdf,sources/Gallatin1836.pdf,
Galucio2015,Galucio2015.pdf,,application/pdf,sources/Galucio2015.pdf,
Gerardi2021b,Gerardi2021b.pdf,,application/pdf,sources/Gerardi2021b.pdf,
Goddard2001,Goddard2001.pdf,,application/pdf,sources/Goddard2001.pdf,
Goddard2011,Goddard2011.pdf,,application/pdf,sources/Goddard2011.pdf,
Greenhill2008,Greenhill2008.pdf,,application/pdf,sources/Greenhill2008.pdf,
Gregersen1976,Gregersen1976.pdf,,application/pdf,sources/Gregersen1976.pdf,
Gruntov2015,Gruntov2015.pdf,,application/pdf,sources/Gruntov2015.pdf,
Gudschinsky1956,Gudschinsky1956.pdf,,application/pdf,sources/Gudschinsky1956.pdf,
Hale1846,Hale1846.pdf,,application/pdf,sources/Hale1846.pdf,
Hattori1961,Hattori1961.pdf,,application/pdf,sources/Hattori1961.pdf,
Hattori1973,Hattori1973.pdf,,application/pdf,sources/Hattori1973.pdf,
Hays1972,Hays1972.pdf,,application/pdf,sources/Hays1972.pdf,
He2010,He2010.pdf,,application/pdf,sources/He2010.pdf,
Heeschen1978,Heeschen1978.pdf,,application/pdf,sources/Heeschen1978.pdf,
Holman2008,Holman2008.pdf,,application/pdf,sources/Holman2008.pdf,
Hooley1971,Hooley1971.pdf,,application/pdf,sources/Hooley1971.pdf,
Huber1992,Huber1992.pdf,,application/pdf,sources/Huber1992.pdf,
Huisman2019,Huisman2019.pdf,,application/pdf,sources/Huisman2019.pdf,
Huttenlocher1979,Huttenlocher1979.pdf,,application/pdf,sources/Huttenlocher1979.pdf,
Hymes1960,Hymes1960.pdf,,application/pdf,sources/Hymes1960.pdf,
Janhunan2008,Janhunan2008.pdf,,application/pdf,sources/Janhunan2008.pdf,
Johansson2020a,Johansson2020.pdf,,application/pdf,sources/Johansson2020a.pdf,
Johansson2020b,Johansson2020b.pdf,,application/pdf,sources/Johansson2020b.pdf,
Josserand1983,Josserand1983.pdf,,application/pdf,sources/Josserand1983.pdf,
Kassian2010,Kassian2010.pdf,,application/pdf,sources/Kassian2010.pdf,
Kassian2015,Kassian2015.pdf,,application/pdf,sources/Kassian2015.pdf,
Kaufman1973,Kaufman1973.pdf,,application/pdf,sources/Kaufman1973.pdf,
Kitchen2009,Kitchen2009.pdf,,application/pdf,sources/Kitchen2009.pdf,
Kraft1981,Kraft1981.pdf,,application/pdf,sources/Kraft1981.pdf,
Krisadawan2000,Krisadawan2000.pdf,,application/pdf,sources/Krisadawan2000.pdf,
Larson1972,Larson1972.pdf,,application/pdf,sources/Larson1972.pdf,
Laycock1968,Laycock1968.pdf,,application/pdf,sources/Laycock1968.pdf,
Lee2011,Lee2011.pdf,,application/pdf,sources/Lee2011.pdf,
Leibniz1768,Leibniz1768.pdf,,application/pdf,sources/Leibniz1768.pdf,
Lin2010,Lin2010.pdf,,application/pdf,sources/Lin2010.pdf,
List2016f,List2016f.pdf,,application/pdf,sources/List2016f.pdf,
Liu2007,Liu2007.pdf,,application/pdf,sources/Liu2007.pdf,
Luqman2010,Luqman2010.pdf,,application/pdf,sources/Luqman2010.pdf,
Mallory2006,Mallory2006.pdf,,application/pdf,sources/Mallory2006.pdf,
Mann1998,Mann1998.pdf,,application/pdf,sources/Mann1998.pdf,
Mann2004,Mann2004.pdf,,application/pdf,sources/Mann2004.pdf,
Marsden1782,Marsden1782.pdf,,application/pdf,sources/Marsden1782.pdf,
Matisoff1978,Matisoff1978.pdf,,application/pdf,sources/Matisoff1978.pdf,
Matisoff2000,Matisoff2000.pdf,,application/pdf,sources/Matisoff2000.pdf,
McElhanon1967,McElhanon1967.pdf,,application/pdf,sources/McElhanon1967.pdf,
McMahon2005,McMahon2005.pdf,,application/pdf,sources/McMahon2005.pdf,
Miedema1985,Miedema1985.pdf,,application/pdf,sources/Miedema1985.pdf,
Miller1984,Miller1984.pdf,,application/pdf,sources/Miller1984.pdf,
Miller1994,Miller1994.pdf,,application/pdf,sources/Miller1994.pdf,
Mitterhofer2013,Mitterhofer2013.pdf,,application/pdf,sources/Mitterhofer2013.pdf,
Nagaraja2013,Nagaraja2013.pdf,,application/pdf,sources/Nagaraja2013.pdf,
Nahhas2006,Nahhas2006.pdf,,application/pdf,sources/Nahhas2006.pdf,
Nelson2001,Nelson2001.pdf,,application/pdf,sources/Nelson2001.pdf,
Nicholas1988,Nicholas1988.pdf,,application/pdf,sources/Nicholas1988.pdf,
Nicholas1989,Nicholas1989.pdf,,application/pdf,sources/Nicholas1989.pdf,
Nordenskioeld1905,Nordenskioeld1905.pdf,,application/pdf,sources/Nordenskioeld1905.pdf,
Norman2003,Norman2003.pdf,,application/pdf,sources/Norman2003.pdf,
OGrady1969,OGrady1969.pdf,,application/pdf,sources/OGrady1969.pdf,
Oliveira2014,Oliveira2014.pdf,,application/pdf,sources/Oliveira2014.pdf,
Pagel2013,Pagel2013.pdf,,application/pdf,sources/Pagel2013.pdf,
Pallas1786,Pallas1786.pdf,,application/pdf,sources/Pallas1786.pdf,
Pallas1789,Pallas1789.pdf,,application/pdf,sources/Pallas1789.pdf,
Payne1991,Payne1991.pdf,,application/pdf,sources/Payne1991.pdf,
Peiros1999,Peiros1999.pdf,,application/pdf,sources/Peiros1999.pdf,
Perrin2010,Perrin2010.pdf,,application/pdf,sources/Perrin2010.pdf,
Peust2013,Peust2013.pdf,,application/pdf,sources/Peust2013.pdf,
Pozdniakov2014,Pozdniakov2014.pdf,,application/pdf,sources/Pozdniakov2014.pdf,
QLAA1979,QLAA1979.pdf,,application/pdf,sources/QLAA1979.pdf,
Ray1895,Ray1895.pdf,,application/pdf,sources/Ray1895.pdf,
Rea1958,Rea1958.pdf,,application/pdf,sources/Rea1958.pdf,
Rea1973,Rea1973.pdf,,application/pdf,sources/Rea1973.pdf,
Ringe1992,Ringe1992.pdf,,application/pdf,sources/Ringe1992.pdf,
Ringe2002,Ringe2002.pdf,,application/pdf,sources/Ringe2002.pdf,
Rowe1954,Rowe1954.pdf,,application/pdf,sources/Rowe1954.pdf,
Rowe1954b,Rowe1954b.pdf,,application/pdf,sources/Rowe1954b.pdf,
SIL1980,SIL1980.pdf,,application/pdf,sources/SIL1980.pdf,
Samarin1967,Samarin1967.pdf,,application/pdf,sources/Samarin1967.pdf,
Samarin1969,Samarin1967.pdf,,application/pdf,sources/Samarin1969.pdf,
Sato2002,Sato2002.pdf,,application/pdf,sources/Sato2002.pdf,
SatterthwaitePhillips2011,SatterthwaitePhillips2011.pdf,,application/pdf,sources/SatterthwaitePhillips2011.pdf,
Shevoroshkin1991,Shevoroshkin1991.pdf,,application/pdf,sources/Shevoroshkin1991.pdf,
Shin1995,Shin1995.pdf,,application/pdf,sources/Shin1995.pdf,
Sidwell2015,Sidwell2015.pdf,,application/pdf,sources/Sidwell2015.pdf,
Smith1980,Smith1980.pdf,,application/pdf,sources/Smith1980.pdf,
Smith2015,Smith2015.pdf,,application/pdf,sources/Smith2015.pdf,
Snider2004,Snider2004.pdf,,application/pdf,sources/Snider2004.pdf,
Snoek2013,Snoek2013.pdf,,application/pdf,sources/Snoek2013.pdf,
Starostin1991,Starostin1991.pdf,,application/pdf,sources/Starostin1991.pdf,
Starostin2007,Starostin2007.pdf,,application/pdf,sources/Starostin2007.pdf,
Starostin2010,Starostin2010.pdf,,application/pdf,sources/Starostin2010.pdf,
Stokhof-1975-117,Stokhof_1975_117.pdf,,application/pdf,sources/Stokhof-1975-117.pdf,
Struve2014,Struve2014.pdf,,application/pdf,sources/Struve2014.pdf,
Swadesh1950,Swadesh1950.pdf,,application/pdf,sources/Swadesh1950.pdf,
Swadesh1952,Swadesh1952.pdf,,application/pdf,sources/Swadesh1952.pdf,
Swadesh1954,Swadesh1954.pdf,,application/pdf,sources/Swadesh1954.pdf,
Swadesh1955,Swadesh1955.pdf,,application/pdf,sources/Swadesh1955.pdf,
Swadesh1971,Swadesh1971.pdf,,application/pdf,sources/Swadesh1971.pdf,
Tadmor2009,Tadmor2009.pdf,,application/pdf,sources/Tadmor2009.pdf,
Thomas1960,Thomas1960.pdf,,application/pdf,sources/Thomas1960.pdf,
Thomas1979,Thomas1979.pdf,,application/pdf,sources/Thomas1979.pdf,
Tolmie1884,Tolmie1884.pdf,,application/pdf,sources/Tolmie1884.pdf,
Trask1996,Trask1996.pdf,,application/pdf,sources/Trask1996.pdf,
Trask2000,Trask2000.pdf,,application/pdf,sources/Trask2000.pdf,
Trick1983,Trick1983.pdf,,application/pdf,sources/Trick1983.pdf,
Tryon1983,Tryon1983.pdf,,application/pdf,sources/Tryon1983.pdf,
Urban2011,Urban2011.pdf,,application/pdf,sources/Urban2011.pdf,
Urban2016,Urban2016.pdf,,application/pdf,sources/Urban2016.pdf,
Voorhoeve1971,Voorhoeve1971.pdf,,application/pdf,sources/Voorhoeve1971.pdf,
Voorhoeve1975,Voorhoeve1975.pdf,,application/pdf,sources/Voorhoeve1975.pdf,
Walker2011,Walker2011.pdf,,application/pdf,sources/Walker2011.pdf,
Wang1960,Wang1960.pdf,,application/pdf,sources/Wang1960.pdf,
Wang2004,Wang2004.pdf,,application/pdf,sources/Wang2004.pdf,
Wichmann2010,Wichmann2010.pdf,,application/pdf,sources/Wichmann2010.pdf,
Wilkins1996,Wilkins1996.pdf,,application/pdf,sources/Wilkins1996.pdf,
Wilson1969,Wilson1969.pdf,,application/pdf,sources/Wilson1969.pdf,
Wittmann1969,Wittmann1969.pdf,,application/pdf,sources/Wittmann1969.pdf,
Woodward1991,Woodward1991.pdf,,application/pdf,sources/Woodward1991.pdf,
Woodward2009,Woodward2009.pdf,,application/pdf,sources/Woodward2009.pdf,
Wu2020,Wu2020.pdf,,application/pdf,sources/Wu2020.pdf,
Youn2016,Youn2016.pdf,,application/pdf,sources/Youn2016.pdf,
Zgraggen1980,Zgraggen1980.pdf,,application/pdf,sources/Zgraggen1980.pdf,
Zheng2007,Zheng2007.pdf,,application/pdf,sources/Zheng2007.pdf,
Zorc1974,Zorc1974.pdf,,application/pdf,sources/Zorc1974.pdf,
vanderWouw1974,vanderWouw1974.pdf,,application/pdf,sources/vanderWouw1974.pdf,
